[
    {
        "name": "Weston",
        "icao": "EIWT",
        "country": "Ireland",
        "region": "Ireland"
    },
    {
        "name": "Kilkenny",
        "icao": "EIKK",
        "country": "Ireland",
        "region": "Ireland"
    },
    {
        "name": "Galway",
        "icao": "EICM",
        "country": "Ireland",
        "region": "Ireland"
    },
    {
        "name": "Dublin",
        "icao": "EIDW",
        "country": "Ireland",
        "region": "Ireland"
    },
    {
        "name": "Cork",
        "icao": "EICK",
        "country": "Ireland",
        "region": "Ireland"
    },
    {
        "name": "Kerry",
        "icao": "EIKY",
        "country": "Ireland",
        "region": "Ireland"
    },
    {
        "name": "Waterford",
        "icao": "EIWF",
        "country": "Ireland",
        "region": "Ireland"
    },
    {
        "name": "Sligo",
        "icao": "EISG",
        "country": "Ireland",
        "region": "Ireland"
    },
    {
        "name": "Shannon",
        "icao": "EINN",
        "country": "Ireland",
        "region": "Ireland"
    },
    {
        "name": "Donegal",
        "icao": "EIDL",
        "country": "Ireland",
        "region": "Ireland"
    },
    {
        "name": "Connemara",
        "icao": "EICN",
        "country": "Ireland",
        "region": "Ireland"
    },
    {
        "name": "Belfast City",
        "icao": "EGAC",
        "country": "UK",
        "region": "UK"
    },
    {
        "name": "Belfast Intl",
        "icao": "EGAA",
        "country": "UK",
        "region": "UK"
    },
    {
        "name": "City of Derry",
        "icao": "EGAE",
        "country": "UK",
        "region": "UK"
    },
    {
        "name": "Caernarfon",
        "icao": "EGCK",
        "country": "UK",
        "region": "UK"
    },
    {
        "name": "Cardiff",
        "icao": "EGFF",
        "country": "UK",
        "region": "UK"
    },
    {
        "name": "Swansea",
        "icao": "EGFH",
        "country": "UK",
        "region": "UK"
    },
    {
        "name": "Liverpool",
        "icao": "EGGP",
        "country": "UK",
        "region": "UK"
    },
    {
        "name": "Manchester",
        "icao": "EGCC",
        "country": "UK",
        "region": "UK"
    },
    {
        "name": "Biggin Hill",
        "icao": "EGKB",
        "country": "UK",
        "region": "UK"
    },
    {
        "name": "Shoreham",
        "icao": "EGKA",
        "country": "UK",
        "region": "UK"
    },
    {
        "name": "Bristol",
        "icao": "EGGD",
        "country": "UK",
        "region": "UK"
    },
    {
        "name": "Dundee",
        "icao": "EGPN",
        "country": "UK",
        "region": "UK"
    },
    {
        "name": "Oban",
        "icao": "EGEO",
        "country": "UK",
        "region": "UK"
    },
    {
        "name": "Barra",
        "icao": "EGPR",
        "country": "UK",
        "region": "UK"
    },
    {
        "name": "Islay",
        "icao": "EGPI",
        "country": "UK",
        "region": "UK"
    },
    {
        "name": "Kirkwall",
        "icao": "EGPA",
        "country": "UK",
        "region": "UK"
    },
    {
        "name": "Sumburgh",
        "icao": "EGPB",
        "country": "UK",
        "region": "UK"
    },
    {
        "name": "Le Touquet",
        "icao": "LFAT",
        "country": "France",
        "region": "North-West Europe"
    },
    {
        "name": "Calais",
        "icao": "LFAC",
        "country": "France",
        "region": "North-West Europe"
    },
    {
        "name": "Lille",
        "icao": "LFQQ",
        "country": "France",
        "region": "North-West Europe"
    },
    {
        "name": "Toussus-le-Noble",
        "icao": "LFPN",
        "country": "France",
        "region": "North-West Europe"
    },
    {
        "name": "Lelystad",
        "icao": "EHLE",
        "country": "Netherlands",
        "region": "Benelux"
    },
    {
        "name": "Teuge",
        "icao": "EHTE",
        "country": "Netherlands",
        "region": "Benelux"
    },
    {
        "name": "Rotterdam",
        "icao": "EHRD",
        "country": "Netherlands",
        "region": "Benelux"
    },
    {
        "name": "Antwerp",
        "icao": "EBAW",
        "country": "Belgium",
        "region": "Benelux"
    },
    {
        "name": "Ostend",
        "icao": "EBOS",
        "country": "Belgium",
        "region": "Benelux"
    },
    {
        "name": "Spa",
        "icao": "EBSP",
        "country": "Belgium",
        "region": "Benelux"
    },
    {
        "name": "Cologne",
        "icao": "EDDK",
        "country": "Germany",
        "region": "Germany"
    },
    {
        "name": "Dusseldorf",
        "icao": "EDDL",
        "country": "Germany",
        "region": "Germany"
    },
    {
        "name": "Hamburg-Finkenwerder",
        "icao": "EDHI",
        "country": "Germany",
        "region": "Germany"
    },
    {
        "name": "Egelsbach",
        "icao": "EDFE",
        "country": "Germany",
        "region": "Germany"
    },
    {
        "name": "Innsbruck",
        "icao": "LOWI",
        "country": "Austria",
        "region": "Central Europe"
    },
    {
        "name": "Zell am See",
        "icao": "LOWZ",
        "country": "Austria",
        "region": "Central Europe"
    },
    {
        "name": "Salzburg",
        "icao": "LOWS",
        "country": "Austria",
        "region": "Central Europe"
    },
    {
        "name": "Sion",
        "icao": "LSGS",
        "country": "Switzerland",
        "region": "Central Europe"
    },
    {
        "name": "Sabadell",
        "icao": "LELL",
        "country": "Spain",
        "region": "South Europe"
    },
    {
        "name": "Cannes",
        "icao": "LFMD",
        "country": "France",
        "region": "South Europe"
    },
    {
        "name": "Thiene",
        "icao": "LIDH",
        "country": "Italy",
        "region": "South Europe"
    }
]